{
  "particles": {
    "number": {
      "value": 35,
      "density": {
        "enable": true,
        "value_area": 500
      }
    },
    "color": {
      "value": "#000"
    },
    "shape": {
      "type": "image",
      "stroke": {
        "width": 0,
        "color": "#141414"
      },
      "polygon": {
        "nb_sides": 5
      },
      "image": {
        "src": "res/imgs/casa3netflix/Netflix-duster-2.png",
        "width": 100,
        "height": 100
      }
    },
    "opacity": {
      "value": 0.7,
      "random": true,
      "anim": {
        "enable": true,
        "speed": 1,
        "opacity_min": 0.5,
        "sync": false
      }
    },
    "size": {
      "value": 10,
      "random": true,
      "anim": {
        "enable": true,
        "speed": 2,
        "size_min": 5,
        "sync": false
      }
    },
    "line_linked": {
      "enable": false,
      "distance": 500,
      "color": "#ffffff",
      "opacity": 0.4,
      "width": 2
    },
    "move": {
      "enable": true,
      "speed": 0.3,
      "direction": "left",
      "random": true,
      "straight": false,
      "out_mode": "out",
      "bounce": false,
      "attract": {
        "enable": false,
        "rotateX": 600,
        "rotateY": 600
      }
    }
  },
  "interactivity": {
    "detect_on": "canvas",
    "events": {
      "onhover": {
        "enable": true,
        "mode": "bubble"
      },
      "onclick": {
        "enable": true,
        "mode": "bubble"
      },
      "resize": true
    },
    "modes": {
      "grab": {
        "distance": 400,
        "line_linked": {
          "opacity": 0.5
        }
      },
      "bubble": {
        "distance": 300,
        "size": 3,
        "duration": 0.2,
        "opacity": 0.2,
        "speed": 3
      },
      "repulse": {
        "distance": 50,
        "duration": 1
      },
      "push": {
        "particles_nb": 4
      },
      "remove": {
        "particles_nb": 2
      }
    }
  },
  "retina_detect": true
}